id,first_name,last_name,email,gender,ip_address
1,Anastasie,Kipping,akipping0@dropbox.com,Agender,118.5.2.23
2,Tally,Yoell,tyoell1@ucla.edu,Female,181.253.20.26
3,Major,Belle,mbelle2@amazon.co.uk,Male,244.79.124.140
4,Lisa,Hacquel,lhacquel3@bigcartel.com,Female,216.5.242.179
5,Carmelle,Yankishin,cyankishin4@foxnews.com,Female,7.166.40.219
6,Valeda,Heavy,vheavy5@youtu.be,Female,15.49.15.235
7,Chiquita,Tremoulet,ctremoulet6@google.ru,Female,218.93.83.233
8,Felic,Antoniutti,fantoniutti7@blogspot.com,Male,15.208.165.83
9,Silvester,Thombleson,sthombleson8@ebay.com,Male,78.192.90.107
10,Rosalynd,Pycock,rpycock9@mediafire.com,Female,253.59.174.191
11,Aubert,Skocroft,askocrofta@mediafire.com,Male,182.133.85.120
12,Jon,Melvin,jmelvinb@csmonitor.com,Male,20.39.127.160
13,Nye,Boughtwood,nboughtwoodc@hexun.com,Male,19.151.97.165
14,Grata,Argue,gargued@google.cn,Female,235.55.24.173
15,Ingram,Brazur,ibrazure@nature.com,Non-binary,43.228.147.55
16,Amara,Witchard,awitchardf@hao123.com,Polygender,227.51.8.223
17,Kenon,McNee,kmcneeg@topsy.com,Male,95.17.138.182
18,Barris,Espinoy,bespinoyh@odnoklassniki.ru,Male,114.57.141.201
19,Babita,Snelman,bsnelmani@archive.org,Female,248.215.94.240
20,Bran,Mish,bmishj@moonfruit.com,Male,213.185.177.79
21,Arlin,Grills,agrillsk@wisc.edu,Male,188.113.69.156
22,Gerome,Nursey,gnurseyl@gov.uk,Male,131.254.190.69
23,Jennette,Clemes,jclemesm@ebay.co.uk,Female,102.191.249.170
24,Abbot,Lightollers,alightollersn@cdc.gov,Male,213.160.151.226
25,Arturo,Petrillo,apetrilloo@delicious.com,Male,3.204.53.230
26,Marian,Virgoe,mvirgoep@sohu.com,Female,43.204.61.49
27,Basil,Blumfield,bblumfieldq@quantcast.com,Male,41.154.133.10
28,Dollie,Paxeford,dpaxefordr@feedburner.com,Female,26.10.221.129
29,Gardie,Kores,gkoress@umn.edu,Male,241.254.155.0
30,Valida,Delle,vdellet@godaddy.com,Female,109.154.227.71
31,Christian,Livingstone,clivingstoneu@themeforest.net,Male,93.205.230.36
32,Kerianne,Croom,kcroomv@facebook.com,Female,233.145.67.233
33,Orly,Pallent,opallentw@eepurl.com,Female,93.45.183.119
34,Maxie,Dannehl,mdannehlx@miitbeian.gov.cn,Non-binary,214.66.16.188
35,Robinette,Stockle,rstockley@sakura.ne.jp,Female,30.32.140.19
36,Alejandra,Maudlen,amaudlenz@merriam-webster.com,Female,161.34.162.9
37,Carmencita,Klimt,cklimt10@weather.com,Female,164.245.91.54
38,Perceval,Rawet,prawet11@geocities.com,Male,5.10.51.37
39,Alayne,Kernell,akernell12@qq.com,Agender,223.75.114.123
40,Jermaine,Gauchier,jgauchier13@smugmug.com,Female,218.134.56.83
41,Stan,Birkwood,sbirkwood14@deviantart.com,Male,64.119.103.193
42,Liv,Draysay,ldraysay15@indiatimes.com,Female,113.40.157.43
43,Sherwynd,Alphege,salphege16@mlb.com,Male,74.71.9.32
44,Carmen,Reicharz,creicharz17@nasa.gov,Female,213.108.148.56
45,Urban,Mattusov,umattusov18@hao123.com,Male,227.26.111.226
46,Nestor,Greaves,ngreaves19@bbc.co.uk,Male,47.81.29.55
47,Annalee,Hugnin,ahugnin1a@facebook.com,Female,86.138.143.3
48,Kimball,Friedlos,kfriedlos1b@timesonline.co.uk,Male,33.205.85.0
49,Freddy,Jonas,fjonas1c@arstechnica.com,Male,18.195.88.223
50,Ellie,Beaument,ebeaument1d@photobucket.com,Female,200.47.35.166
51,Hollie,Ipwell,hipwell1e@cbslocal.com,Female,40.216.101.209
52,Teodorico,Yurchenko,tyurchenko1f@skype.com,Male,4.170.170.73
53,Anselma,Culvey,aculvey1g@earthlink.net,Female,16.51.31.189
54,Raina,Rhys,rrhys1h@shareasale.com,Female,225.213.107.141
55,Geraldine,Barneville,gbarneville1i@youtube.com,Female,54.170.178.84
56,Frasier,Canfield,fcanfield1j@1688.com,Male,192.157.81.233
57,Inigo,Crocker,icrocker1k@ebay.co.uk,Male,35.130.57.144
58,Emlynn,Croux,ecroux1l@prnewswire.com,Female,250.131.141.236
59,Cortie,Blythe,cblythe1m@salon.com,Male,23.175.183.98
60,Ardyce,Ream,aream1n@sphinn.com,Non-binary,127.179.20.47
61,Brody,Kennaway,bkennaway1o@delicious.com,Male,153.99.110.31
62,Kissee,Limprecht,klimprecht1p@domainmarket.com,Female,118.29.2.151
63,Danice,Fishenden,dfishenden1q@redcross.org,Female,221.115.187.112
64,Lorilyn,Linnit,llinnit1r@ca.gov,Female,131.146.2.90
65,Gerrard,Roney,groney1s@icio.us,Male,119.240.248.197
66,Cathyleen,Codrington,ccodrington1t@nationalgeographic.com,Female,82.170.141.254
67,Payton,Jacobson,pjacobson1u@bing.com,Male,82.125.41.14
68,Sigvard,Golda,sgolda1v@geocities.jp,Male,141.232.159.118
69,Kristel,Polack,kpolack1w@php.net,Female,120.83.105.195
70,Stephani,Danielou,sdanielou1x@arstechnica.com,Female,102.208.82.83
71,Maible,Fowley,mfowley1y@virginia.edu,Female,246.69.21.249
72,Estevan,Kerr,ekerr1z@mashable.com,Male,123.211.9.103
73,Farris,Duggen,fduggen20@ow.ly,Male,136.10.199.32
74,Sylvan,Sokale,ssokale21@a8.net,Male,153.224.91.53
75,Pieter,Morphew,pmorphew22@whitehouse.gov,Male,18.126.150.233
76,Bastien,Baumford,bbaumford23@webnode.com,Male,210.0.139.4
77,Brittne,Scay,bscay24@vkontakte.ru,Female,174.115.97.165
78,Tally,Stanaway,tstanaway25@theatlantic.com,Female,68.188.113.156
79,Lilly,Hebson,lhebson26@shutterfly.com,Female,46.57.217.38
80,Tyne,Stapforth,tstapforth27@who.int,Female,13.35.200.26
81,Lucho,Munn,lmunn28@merriam-webster.com,Male,135.57.152.243
82,Leta,Snowding,lsnowding29@naver.com,Female,147.210.11.203
83,Kimberlyn,Sapwell,ksapwell2a@github.com,Bigender,183.107.141.182
84,Kacie,Lowmass,klowmass2b@disqus.com,Female,188.36.89.15
85,Nicole,Spedroni,nspedroni2c@simplemachines.org,Female,167.83.19.191
86,Nellie,Plowman,nplowman2d@princeton.edu,Female,85.164.248.178
87,Gilbertina,Riguard,griguard2e@issuu.com,Female,98.209.83.46
88,Aindrea,Mordey,amordey2f@redcross.org,Female,216.123.74.111
89,Willette,Grassot,wgrassot2g@linkedin.com,Female,172.5.98.157
90,Karna,Cuniam,kcuniam2h@liveinternet.ru,Female,36.190.127.115
91,Bancroft,Fetherstan,bfetherstan2i@skype.com,Male,89.75.220.60
92,Rhett,Guppy,rguppy2j@instagram.com,Male,70.86.212.21
93,Hillery,Castelot,hcastelot2k@mashable.com,Male,191.201.216.173
94,Carey,O'Concannon,coconcannon2l@globo.com,Male,151.197.90.147
95,Josephina,Dupey,jdupey2m@digg.com,Female,181.166.37.233
96,Ferdinanda,Vaan,fvaan2n@google.it,Female,22.131.183.88
97,Graehme,Dent,gdent2o@wordpress.com,Male,177.93.191.47
98,Quintilla,Morrice,qmorrice2p@nasa.gov,Female,201.5.71.243
99,Mercie,Nottram,mnottram2q@weather.com,Female,151.249.245.183
100,Randee,Lazenby,rlazenby2r@tiny.cc,Non-binary,53.149.229.81
101,Amby,Tipping,atipping2s@istockphoto.com,Genderfluid,66.181.91.132
102,Orella,Stickel,ostickel2t@domainmarket.com,Female,12.203.150.203
103,Jeddy,Sirkett,jsirkett2u@abc.net.au,Male,85.134.21.193
104,Samantha,Bitcheno,sbitcheno2v@blinklist.com,Genderfluid,49.150.65.154
105,Lezlie,Mattiessen,lmattiessen2w@live.com,Female,134.156.204.215
106,Beryle,Humphery,bhumphery2x@mysql.com,Female,89.251.140.178
107,Genna,Skatcher,gskatcher2y@un.org,Female,86.216.125.82
108,Peggie,Tern,ptern2z@washingtonpost.com,Female,204.1.183.152
109,Abbye,Palfreman,apalfreman30@plala.or.jp,Female,184.226.194.80
110,Rosaleen,Macoun,rmacoun31@dagondesign.com,Female,97.240.71.225
111,Constancy,McElhinney,cmcelhinney32@phpbb.com,Female,186.39.236.188
112,Ellyn,Goullee,egoullee33@yahoo.co.jp,Female,31.134.11.196
113,Barnabe,Siggins,bsiggins34@google.cn,Male,136.247.133.136
114,Meaghan,Eales,meales35@wufoo.com,Polygender,3.95.219.175
115,Elinor,Bourdis,ebourdis36@about.me,Female,76.114.41.10
116,Constantine,Stutely,cstutely37@mapquest.com,Female,41.196.170.48
117,Kally,Ubsdell,kubsdell38@twitpic.com,Female,79.73.177.228
118,Jamal,Lakeland,jlakeland39@paginegialle.it,Male,114.69.228.81
119,Westleigh,Lockitt,wlockitt3a@sphinn.com,Male,172.172.149.26
120,Michelina,Henriquet,mhenriquet3b@parallels.com,Female,202.71.100.43
121,Gail,Coie,gcoie3c@vistaprint.com,Female,111.102.29.95
122,Adrianne,Meneely,ameneely3d@flickr.com,Female,205.127.120.139
123,Kelly,Piotr,kpiotr3e@globo.com,Female,60.93.248.219
124,Ilaire,Markova,imarkova3f@marketwatch.com,Non-binary,109.25.52.45
125,Gilbert,Donnachie,gdonnachie3g@chronoengine.com,Male,254.143.28.88
126,Arman,Harrop,aharrop3h@prlog.org,Male,189.170.165.137
127,Opal,Tunsley,otunsley3i@phoca.cz,Female,65.125.58.26
128,Sloan,Ioannidis,sioannidis3j@ihg.com,Male,237.236.252.169
129,Nefen,Savile,nsavile3k@nhs.uk,Male,144.250.140.145
130,Sissy,Kestian,skestian3l@google.com.hk,Genderfluid,71.137.121.192
131,Clark,Brownell,cbrownell3m@wikispaces.com,Male,92.192.91.36
132,Alane,Waters,awaters3n@netvibes.com,Female,246.158.225.180
133,Rhiamon,Huitt,rhuitt3o@npr.org,Female,223.209.162.46
134,Felicdad,Tippler,ftippler3p@google.fr,Female,116.3.181.62
135,Glenna,Mewes,gmewes3q@hp.com,Female,47.21.178.47
136,Therese,Capener,tcapener3r@examiner.com,Female,105.243.85.239
137,Amelita,Cissen,acissen3s@nps.gov,Female,165.33.180.178
138,Field,Furlow,ffurlow3t@canalblog.com,Male,69.29.1.36
139,Igor,Pierrepoint,ipierrepoint3u@mysql.com,Male,35.237.237.169
140,Pamella,Houdmont,phoudmont3v@theatlantic.com,Female,83.74.62.22
141,Archie,Jay,ajay3w@buzzfeed.com,Genderfluid,69.171.15.32
142,Mari,Shrieves,mshrieves3x@indiatimes.com,Female,251.153.99.198
143,Tremayne,Livingston,tlivingston3y@nationalgeographic.com,Male,185.129.23.92
144,Tessie,Gallymore,tgallymore3z@g.co,Female,184.254.228.98
145,Humfried,Musto,hmusto40@hud.gov,Male,32.126.186.195
146,Janos,Regardsoe,jregardsoe41@npr.org,Non-binary,241.115.63.59
147,Helen,Phoebe,hphoebe42@trellian.com,Female,97.130.40.238
148,Dasie,Ellum,dellum43@weibo.com,Female,91.63.201.95
149,Beckie,Kleeman,bkleeman44@pinterest.com,Female,16.31.166.170
150,Doe,Kemm,dkemm45@blogs.com,Female,70.183.231.103
151,Vito,Godden,vgodden46@topsy.com,Male,139.10.39.205
152,Jocelyn,Stalley,jstalley47@fotki.com,Female,241.167.215.90
153,Meggy,Arndtsen,marndtsen48@fastcompany.com,Agender,40.126.214.17
154,Irv,Maven,imaven49@hugedomains.com,Male,147.160.48.58
155,Niven,Antwis,nantwis4a@who.int,Male,111.41.42.171
156,Price,Castillou,pcastillou4b@zdnet.com,Male,225.118.78.134
157,Kendrick,Harby,kharby4c@oracle.com,Male,4.28.112.38
158,Corney,Rubenov,crubenov4d@phoca.cz,Male,217.231.24.30
159,Nero,Demonge,ndemonge4e@senate.gov,Male,248.15.143.59
160,Riley,Okenden,rokenden4f@home.pl,Male,12.89.118.170
161,Yancey,Meir,ymeir4g@histats.com,Male,206.230.224.175
162,Sapphira,Coggeshall,scoggeshall4h@wix.com,Female,109.196.242.161
163,Loydie,Sanches,lsanches4i@wiley.com,Male,38.58.97.16
164,Abbi,Corro,acorro4j@nymag.com,Female,175.102.201.24
165,Ken,Montes,kmontes4k@privacy.gov.au,Male,203.4.129.168
166,Ferdy,Broadfoot,fbroadfoot4l@ustream.tv,Male,78.69.209.153
167,Brien,Kyme,bkyme4m@nbcnews.com,Male,58.102.132.175
168,Dagny,Wilshere,dwilshere4n@blogger.com,Male,217.168.66.91
169,Pier,Sheryn,psheryn4o@google.com.au,Female,48.47.159.110
170,Niki,Twiggs,ntwiggs4p@archive.org,Female,133.146.184.249
171,Raquela,Gehrts,rgehrts4q@ox.ac.uk,Polygender,98.7.19.154
172,Ermin,Kinnaird,ekinnaird4r@taobao.com,Male,146.146.228.125
173,Valentino,Akester,vakester4s@hud.gov,Male,77.142.53.68
174,Giacomo,Hartless,ghartless4t@unblog.fr,Male,198.0.120.164
175,Ivy,Speenden,ispeenden4u@wikipedia.org,Female,50.137.157.92
176,Reena,Lindenstrauss,rlindenstrauss4v@rambler.ru,Polygender,115.178.163.254
177,Lurleen,Harkes,lharkes4w@w3.org,Female,94.218.143.93
178,Rochette,Kilvington,rkilvington4x@ft.com,Female,226.1.78.106
179,Fidel,Childes,fchildes4y@furl.net,Male,157.217.171.26
180,Merrili,Skough,mskough4z@harvard.edu,Female,226.39.75.60
181,Henryetta,Bythway,hbythway50@cbslocal.com,Female,117.196.122.152
182,Sissie,Hollyman,shollyman51@blogtalkradio.com,Genderfluid,208.38.89.244
183,Maurizia,Washtell,mwashtell52@redcross.org,Female,187.255.106.56
184,Carmela,Mertsching,cmertsching53@europa.eu,Female,185.243.119.205
185,Leupold,Venney,lvenney54@godaddy.com,Agender,159.200.221.181
186,Emerson,Spears,espears55@geocities.com,Genderqueer,210.50.37.114
187,Duffy,Legonidec,dlegonidec56@hc360.com,Male,80.127.162.130
188,Gale,Guillou,gguillou57@diigo.com,Polygender,116.109.251.98
189,Gard,Borres,gborres58@wikimedia.org,Male,175.45.25.120
190,Anton,Hames,ahames59@comsenz.com,Male,238.132.165.231
191,Callean,Lyosik,clyosik5a@pbs.org,Male,165.185.49.117
192,Lesley,Menichi,lmenichi5b@wordpress.com,Female,111.137.162.44
193,Conant,Dutch,cdutch5c@blog.com,Male,140.181.223.225
194,Gabriellia,Castles,gcastles5d@last.fm,Genderqueer,191.115.180.205
195,Cart,Paton,cpaton5e@engadget.com,Male,70.27.226.238
196,Tyrone,Flight,tflight5f@dailymotion.com,Male,189.72.186.172
197,Ralina,Radloff,rradloff5g@nymag.com,Female,65.153.53.66
198,Alex,Teasey,ateasey5h@networksolutions.com,Male,71.55.132.98
199,Larine,Swindells,lswindells5i@hatena.ne.jp,Female,134.243.196.59
200,Tracy,Gentil,tgentil5j@jimdo.com,Bigender,117.155.7.172
201,Chrystal,Kinnear,ckinnear5k@phpbb.com,Female,37.251.102.35
202,Phil,Tasch,ptasch5l@blogspot.com,Male,241.184.87.229
203,Humfrey,Hubbocks,hhubbocks5m@patch.com,Male,142.138.203.170
204,Morly,Dowsing,mdowsing5n@reuters.com,Male,233.82.152.98
205,Kim,Morman,kmorman5o@mapy.cz,Male,248.174.60.61
206,Meridel,Rouge,mrouge5p@admin.ch,Female,87.253.69.136
207,Carolin,Saur,csaur5q@skyrock.com,Female,4.182.35.73
208,Bobby,Skip,bskip5r@census.gov,Male,194.88.161.142
209,Waring,Shortan,wshortan5s@theatlantic.com,Male,226.90.87.3
210,Ruthanne,Cleveley,rcleveley5t@blinklist.com,Female,48.52.15.22
211,Gerrard,Crier,gcrier5u@utexas.edu,Male,106.159.23.192
212,Mikkel,McInerney,mmcinerney5v@sphinn.com,Male,196.158.14.215
213,Nerte,Baker,nbaker5w@netvibes.com,Female,157.241.43.133
214,Sigismondo,Kirrage,skirrage5x@cisco.com,Male,103.110.111.118
215,Walden,Maior,wmaior5y@squidoo.com,Male,154.199.166.19
216,Jemima,Northfield,jnorthfield5z@livejournal.com,Female,47.81.53.17
217,Allyn,Yakob,ayakob60@indiatimes.com,Female,163.130.98.31
218,Vito,Dunkerk,vdunkerk61@nytimes.com,Male,161.137.113.14
219,Caron,Chesshyre,cchesshyre62@icio.us,Female,189.141.57.4
220,Jamie,O'Hannigan,johannigan63@webnode.com,Male,38.197.21.235
221,Brannon,Grealy,bgrealy64@netscape.com,Male,47.57.82.106
222,Justen,Paternoster,jpaternoster65@nyu.edu,Male,166.161.110.90
223,Jermayne,Biggerdike,jbiggerdike66@linkedin.com,Male,58.16.152.211
224,Jacquelynn,Punshon,jpunshon67@samsung.com,Genderqueer,224.235.42.179
225,Vick,Roget,vroget68@storify.com,Male,47.73.68.232
226,Tabina,Espin,tespin69@paginegialle.it,Female,9.122.143.68
227,Morgen,Cowans,mcowans6a@rakuten.co.jp,Male,137.65.58.113
228,Cosimo,Ceresa,cceresa6b@wp.com,Male,204.219.28.219
229,Saloma,Durker,sdurker6c@ft.com,Female,207.123.157.206
230,Jolee,Mallia,jmallia6d@va.gov,Female,179.129.28.21
231,Georg,Gudgen,ggudgen6e@latimes.com,Male,198.92.25.43
232,Erhart,Guthrie,eguthrie6f@google.ca,Male,101.152.192.205
233,Kippar,Pitchford,kpitchford6g@ebay.com,Male,254.172.59.172
234,Katina,Hows,khows6h@shinystat.com,Bigender,236.217.168.48
235,Lacie,Wathen,lwathen6i@4shared.com,Female,89.15.134.95
236,Dermot,Polycote,dpolycote6j@blogtalkradio.com,Genderqueer,114.70.179.104
237,Reagen,Neeves,rneeves6k@arizona.edu,Male,120.254.8.128
238,Cary,Macia,cmacia6l@disqus.com,Male,115.178.115.37
239,Ev,Jamieson,ejamieson6m@vinaora.com,Male,11.50.7.87
240,Iosep,Cloke,icloke6n@hibu.com,Male,47.85.248.140
241,Chip,Dummer,cdummer6o@house.gov,Male,167.159.13.201
242,Rudiger,Ousby,rousby6p@blogspot.com,Male,181.250.185.234
243,Bette,Flattman,bflattman6q@cisco.com,Female,237.186.155.106
244,Olivier,Browett,obrowett6r@dropbox.com,Male,107.73.0.190
245,Hamlin,Gannon,hgannon6s@miibeian.gov.cn,Male,19.77.220.234
246,Mayor,Briztman,mbriztman6t@home.pl,Male,15.204.224.109
247,Ethel,Fuster,efuster6u@desdev.cn,Genderfluid,253.210.228.75
248,Lawry,Spir,lspir6v@umich.edu,Male,75.29.152.185
249,Myrilla,Abrashkin,mabrashkin6w@google.com.au,Female,26.13.131.250
250,Mendy,Rogez,mrogez6x@sphinn.com,Genderqueer,172.35.119.0
251,Florida,Farny,ffarny6y@wikimedia.org,Female,217.158.2.25
252,Maison,Stetlye,mstetlye6z@unesco.org,Bigender,244.50.173.67
253,Judy,Jeffryes,jjeffryes70@networkadvertising.org,Genderqueer,237.30.34.71
254,Rubetta,Grigsby,rgrigsby71@cdc.gov,Genderqueer,252.116.31.21
255,Euphemia,Richardt,erichardt72@google.com.au,Female,48.78.208.0
256,Paolo,Camden,pcamden73@goo.ne.jp,Male,206.221.76.62
257,Genna,Symington,gsymington74@google.co.uk,Female,197.247.205.172
258,Wilek,Cocher,wcocher75@skype.com,Male,212.223.55.23
259,Celka,McSaul,cmcsaul76@yahoo.com,Female,171.244.36.138
260,Idelle,Ellam,iellam77@addtoany.com,Female,25.37.7.122
261,Rafael,Dorgon,rdorgon78@google.co.jp,Male,27.215.155.49
262,Casper,Walczak,cwalczak79@g.co,Male,86.113.203.221
263,Massimiliano,Ackland,mackland7a@clickbank.net,Non-binary,157.236.225.90
264,Vallie,Meade,vmeade7b@xinhuanet.com,Female,114.75.73.232
265,Bord,Lacotte,blacotte7c@wiley.com,Male,163.111.35.21
266,Charo,Dalrymple,cdalrymple7d@surveymonkey.com,Female,117.14.180.59
267,Babb,Kintzel,bkintzel7e@addthis.com,Female,95.191.62.224
268,Theo,Swadden,tswadden7f@goo.ne.jp,Male,243.117.76.78
269,Rene,Merkle,rmerkle7g@google.nl,Female,19.52.228.31
270,Wait,Bartomieu,wbartomieu7h@state.gov,Male,87.57.40.184
271,Alasteir,Verey,averey7i@networkadvertising.org,Male,175.73.127.110
272,Dory,Middlemist,dmiddlemist7j@examiner.com,Male,40.250.202.78
273,Birgitta,Dawidowitz,bdawidowitz7k@psu.edu,Female,101.136.143.146
274,Demetrius,Strauss,dstrauss7l@vinaora.com,Non-binary,237.206.166.108
275,Loren,Cleft,lcleft7m@google.co.uk,Male,213.190.252.189
276,Westbrook,Broxton,wbroxton7n@multiply.com,Male,109.5.112.71
277,Dino,Sirman,dsirman7o@bravesites.com,Male,66.50.235.196
278,Marmaduke,Sibly,msibly7p@mediafire.com,Male,240.208.110.203
279,Isador,Whyke,iwhyke7q@taobao.com,Male,200.11.107.132
280,Gail,Nellen,gnellen7r@so-net.ne.jp,Male,31.159.37.84
281,Gizela,Ace,gace7s@japanpost.jp,Female,169.114.11.133
282,Hadley,Grishakov,hgrishakov7t@cocolog-nifty.com,Male,4.145.55.139
283,Stanislas,Farrington,sfarrington7u@desdev.cn,Polygender,7.43.54.182
284,Haslett,Goodread,hgoodread7v@gravatar.com,Male,172.1.126.32
285,Chelsie,Paddingdon,cpaddingdon7w@opensource.org,Female,99.49.159.74
286,Rodrick,Bricket,rbricket7x@shop-pro.jp,Genderfluid,153.197.85.74
287,Rozelle,Dresser,rdresser7y@sciencedirect.com,Female,222.87.192.175
288,Mariska,Dilloway,mdilloway7z@buzzfeed.com,Polygender,205.35.111.116
289,Xavier,Mougeot,xmougeot80@plala.or.jp,Male,120.128.99.88
290,Mannie,Fiske,mfiske81@businessweek.com,Male,120.27.157.4
291,Phillie,Marquis,pmarquis82@msn.com,Female,141.38.104.38
292,Mozes,Ludy,mludy83@blinklist.com,Male,36.240.166.242
293,Niki,Hulle,nhulle84@go.com,Male,143.246.171.28
294,Siusan,Hannah,shannah85@google.fr,Female,24.96.13.217
295,Nick,Gogerty,ngogerty86@wsj.com,Male,52.194.70.138
296,Ginelle,Learman,glearman87@ucoz.ru,Female,175.122.155.124
297,Dyann,Kenner,dkenner88@sphinn.com,Female,38.136.207.188
298,Candida,Madigan,cmadigan89@si.edu,Female,20.199.252.9
299,Garrik,Galley,ggalley8a@bbc.co.uk,Male,18.32.83.78
300,Earvin,Catonne,ecatonne8b@washington.edu,Polygender,15.245.26.112
301,Xever,Sapauton,xsapauton8c@google.pl,Male,199.34.121.191
302,Guthrey,Larkkem,glarkkem8d@angelfire.com,Male,181.229.94.111
303,Denise,Erwin,derwin8e@baidu.com,Female,34.109.100.89
304,Cloe,Lathey,clathey8f@tamu.edu,Female,68.10.191.246
305,Colette,Zannolli,czannolli8g@cnn.com,Female,49.87.66.212
306,Farrah,Dodworth,fdodworth8h@google.de,Female,231.251.103.81
307,Hilario,Keightley,hkeightley8i@ameblo.jp,Male,56.54.170.213
308,Oliver,Pashenkov,opashenkov8j@nydailynews.com,Non-binary,199.99.247.93
309,Isadora,Britt,ibritt8k@china.com.cn,Female,154.86.128.172
310,Farrand,Royston,froyston8l@unicef.org,Female,166.124.53.219
311,Boniface,Pyrton,bpyrton8m@zdnet.com,Male,114.81.24.72
312,Cristabel,Suggitt,csuggitt8n@mozilla.org,Female,55.43.40.4
313,Sonia,Corkitt,scorkitt8o@archive.org,Female,245.50.147.47
314,Artie,Speek,aspeek8p@icio.us,Male,31.170.32.154
315,Suellen,Huller,shuller8q@hatena.ne.jp,Female,75.134.109.99
316,Raoul,Grunnell,rgrunnell8r@ca.gov,Male,201.101.208.6
317,Gabbie,Domesday,gdomesday8s@lycos.com,Male,146.41.15.178
318,Bartel,De Zamudio,bdezamudio8t@cocolog-nifty.com,Male,58.128.87.178
319,Kory,Kinver,kkinver8u@pcworld.com,Male,123.152.50.145
320,Leonhard,Godrich,lgodrich8v@csmonitor.com,Male,50.168.71.38
321,Artus,Oneile,aoneile8w@irs.gov,Male,41.30.46.53
322,Jorry,Muldoon,jmuldoon8x@opera.com,Female,35.67.135.191
323,Tonia,Klimus,tklimus8y@cnbc.com,Female,29.169.123.143
324,Margarethe,Hatchett,mhatchett8z@multiply.com,Female,159.223.65.7
325,Luis,Humes,lhumes90@eepurl.com,Male,252.233.147.220
326,Geoffrey,Edbrooke,gedbrooke91@businessweek.com,Male,17.173.194.106
327,Arthur,Normaville,anormaville92@4shared.com,Male,99.184.86.201
328,Corry,Orteu,corteu93@163.com,Female,71.20.102.22
329,Ardella,Maccaig,amaccaig94@techcrunch.com,Female,137.181.88.176
330,Gal,Berni,gberni95@smugmug.com,Male,47.46.11.115
331,Vassily,Heck,vheck96@ox.ac.uk,Male,178.233.9.201
332,Neron,Arnison,narnison97@telegraph.co.uk,Male,158.124.82.181
333,Timothee,Wrigley,twrigley98@amazon.co.uk,Male,63.223.58.213
334,Morten,Danniel,mdanniel99@time.com,Male,214.207.240.67
335,Lanni,Grigolon,lgrigolon9a@rambler.ru,Female,51.47.211.226
336,Diandra,Laviste,dlaviste9b@smh.com.au,Female,82.47.163.117
337,Garrott,Meller,gmeller9c@sohu.com,Male,69.220.15.44
338,Whitney,Gameson,wgameson9d@mashable.com,Male,31.63.232.205
339,Demetra,Rickert,drickert9e@fema.gov,Female,248.36.62.193
340,Nora,Gueste,ngueste9f@discovery.com,Female,2.217.164.190
341,Merridie,Evens,mevens9g@rambler.ru,Female,125.34.113.40
342,Joeann,Cholmondeley,jcholmondeley9h@jalbum.net,Female,110.33.85.135
343,Falkner,Lindeberg,flindeberg9i@de.vu,Male,22.197.101.29
344,Hiram,McArdle,hmcardle9j@google.com.br,Male,219.196.169.223
345,Emmi,Aseef,easeef9k@elegantthemes.com,Female,250.63.140.68
346,Colby,Kilminster,ckilminster9l@woothemes.com,Male,78.57.189.115
347,Fianna,Hradsky,fhradsky9m@google.com.au,Female,84.90.134.166
348,Randee,Mephan,rmephan9n@salon.com,Female,95.126.40.87
349,Ricky,Spillett,rspillett9o@ebay.co.uk,Male,228.14.98.130
350,Cristobal,Shalloe,cshalloe9p@prweb.com,Male,114.220.12.137
351,Shawn,Monro,smonro9q@mapquest.com,Non-binary,230.91.109.196
352,Frazer,Bussens,fbussens9r@opera.com,Male,56.130.9.85
353,Pam,Spain-Gower,pspaingower9s@posterous.com,Female,151.0.194.60
354,Gladys,Foreman,gforeman9t@patch.com,Female,1.73.62.170
355,Katha,Hellyar,khellyar9u@forbes.com,Female,145.41.109.250
356,Jenda,Tee,jtee9v@va.gov,Female,172.37.214.172
357,Marena,Fishlock,mfishlock9w@discuz.net,Female,167.176.244.70
358,Harbert,Prawle,hprawle9x@networksolutions.com,Male,216.151.164.38
359,Huntley,Fernandez,hfernandez9y@shutterfly.com,Male,152.197.221.188
360,Annemarie,Olivella,aolivella9z@spotify.com,Female,8.47.10.34
361,Bernice,Aveline,bavelinea0@istockphoto.com,Female,108.239.71.27
362,Con,Trotman,ctrotmana1@illinois.edu,Female,144.202.79.49
363,Pren,Martine,pmartinea2@angelfire.com,Male,87.168.240.120
364,Berget,Fley,bfleya3@huffingtonpost.com,Agender,65.175.87.9
365,Vincenty,Addis,vaddisa4@e-recht24.de,Male,15.111.108.206
366,Frederic,Stanbury,fstanburya5@clickbank.net,Male,222.217.50.117
367,Hewe,Errol,herrola6@purevolume.com,Male,163.202.226.119
368,Raymond,Pilmoor,rpilmoora7@blogspot.com,Male,111.45.197.211
369,Nels,Tomaello,ntomaelloa8@ning.com,Male,167.96.136.20
370,Jermayne,Sindell,jsindella9@wired.com,Male,221.179.1.136
371,Brendan,Molines,bmolinesaa@sakura.ne.jp,Male,175.88.58.37
372,Helyn,Benedek,hbenedekab@people.com.cn,Female,199.225.249.195
373,Andrea,Dohms,adohmsac@tuttocitta.it,Male,155.83.26.2
374,Gnni,Nardoni,gnardoniad@goo.ne.jp,Female,20.146.20.43
375,Lucho,Jacqueme,ljacquemeae@virginia.edu,Male,139.59.139.39
376,Rubi,Arkow,rarkowaf@infoseek.co.jp,Female,30.218.54.6
377,Davidde,Ebanks,debanksag@tinyurl.com,Male,46.9.76.145
378,Anneliese,Covolini,acovoliniah@imdb.com,Female,203.36.79.240
379,Gavan,Camilli,gcamilliai@sourceforge.net,Polygender,31.117.120.134
380,Gerhardt,Hamfleet,ghamfleetaj@guardian.co.uk,Male,96.139.61.108
381,Carla,Navarijo,cnavarijoak@seesaa.net,Female,147.117.127.116
382,Stefania,Wearne,swearneal@wikia.com,Female,189.216.46.61
383,Rozina,Culcheth,rculchetham@free.fr,Female,240.38.31.183
384,Francoise,D'eathe,fdeathean@youtu.be,Bigender,237.229.233.22
385,Syd,Whitehead,swhiteheadao@studiopress.com,Male,181.79.175.34
386,Darsey,Leven,dlevenap@unicef.org,Female,1.215.197.229
387,Stanley,Cammomile,scammomileaq@opera.com,Male,142.51.90.178
388,Bryant,Labbati,blabbatiar@tripod.com,Male,71.69.60.108
389,Ives,Coldbathe,icoldbatheas@tripod.com,Male,248.179.114.247
390,Thadeus,Plaster,tplasterat@timesonline.co.uk,Male,154.207.123.57
391,Roger,Carmichael,rcarmichaelau@quantcast.com,Male,29.46.246.237
392,Caspar,Probat,cprobatav@qq.com,Male,109.130.200.251
393,Miner,Delamaine,mdelamaineaw@example.com,Male,113.148.60.195
394,Tracey,Skewes,tskewesax@chicagotribune.com,Male,156.206.21.254
395,Brena,Greenroa,bgreenroaay@sfgate.com,Female,100.103.237.55
396,Gordan,Elster,gelsteraz@google.com,Male,45.53.146.24
397,Allie,Feveryear,afeveryearb0@google.co.jp,Female,159.79.56.49
398,Jehanna,Shawcroft,jshawcroftb1@mediafire.com,Non-binary,159.73.100.2
399,Corney,Twidale,ctwidaleb2@virginia.edu,Male,183.3.90.58
400,Lorianna,Kuschek,lkuschekb3@mtv.com,Female,145.61.228.63
401,Kev,Tuny,ktunyb4@blinklist.com,Male,186.149.162.28
402,Lee,Cloney,lcloneyb5@usnews.com,Male,51.153.18.207
403,Darcee,Simoncelli,dsimoncellib6@skyrock.com,Female,115.225.205.127
404,Laina,Gawthorp,lgawthorpb7@forbes.com,Female,183.78.98.222
405,Sly,Kruschev,skruschevb8@cdc.gov,Male,33.75.229.224
406,Joshuah,Pichan,jpichanb9@de.vu,Male,133.69.92.81
407,Dyna,Pollack,dpollackba@shinystat.com,Female,180.251.107.159
408,Fawn,Partrick,fpartrickbb@omniture.com,Female,122.58.143.120
409,Kaleena,Larwell,klarwellbc@friendfeed.com,Female,66.59.64.52
410,Hartwell,Fearenside,hfearensidebd@nytimes.com,Male,136.191.97.5
411,Filippa,Sammons,fsammonsbe@addthis.com,Female,119.219.70.26
412,Brade,Di Meo,bdimeobf@skyrock.com,Male,210.123.100.165
413,Eadith,Alelsandrovich,ealelsandrovichbg@adobe.com,Genderqueer,48.13.239.66
414,Angeli,Ledwich,aledwichbh@slideshare.net,Male,123.255.57.2
415,Richardo,Rossbrook,rrossbrookbi@archive.org,Male,202.84.67.60
416,Urbanus,Trundler,utrundlerbj@springer.com,Male,133.226.225.30
417,Harriette,Kevane,hkevanebk@slideshare.net,Female,109.162.85.195
418,Gaven,Antic,ganticbl@skype.com,Bigender,202.36.198.107
419,Judah,Calam,jcalambm@hostgator.com,Male,80.91.217.100
420,Vergil,Jodrellec,vjodrellecbn@printfriendly.com,Male,167.131.76.40
421,Clare,Tuckwell,ctuckwellbo@github.io,Male,177.115.134.141
422,Andrew,Shirer,ashirerbp@lulu.com,Male,180.168.26.139
423,Berrie,Amberson,bambersonbq@sphinn.com,Female,16.49.80.136
424,Wilmar,Deboy,wdeboybr@smh.com.au,Male,144.105.167.196
425,Emilio,Bezemer,ebezemerbs@last.fm,Male,189.176.76.112
426,Kenn,Hriinchenko,khriinchenkobt@ocn.ne.jp,Male,198.144.51.226
427,Jaine,Flowith,jflowithbu@pagesperso-orange.fr,Female,113.172.59.42
428,Salli,Troni,stronibv@shutterfly.com,Non-binary,16.156.52.102
429,Rochella,Ren,rrenbw@elegantthemes.com,Female,18.251.96.214
430,Bibby,Widdowes,bwiddowesbx@va.gov,Female,166.60.6.80
431,Nowell,Mogey,nmogeyby@examiner.com,Male,130.184.32.150
432,Arch,Valintine,avalintinebz@yahoo.co.jp,Male,84.89.223.37
433,Cary,Gotter,cgotterc0@alexa.com,Male,234.155.208.137
434,Arie,Farndell,afarndellc1@squidoo.com,Male,253.74.10.26
435,Virgie,Playford,vplayfordc2@microsoft.com,Male,124.85.181.177
436,Mae,Bisgrove,mbisgrovec3@youtube.com,Female,243.22.202.202
437,Carola,O'Caine,cocainec4@infoseek.co.jp,Female,40.226.123.159
438,Jorge,MacQuist,jmacquistc5@cmu.edu,Male,122.82.19.127
439,Kennan,Troop,ktroopc6@cbslocal.com,Male,40.36.22.50
440,Catharina,Trelevan,ctrelevanc7@wiley.com,Female,53.28.242.236
441,Joscelin,Andrin,jandrinc8@mlb.com,Female,189.16.14.100
442,Rodolph,Erdes,rerdesc9@sogou.com,Male,220.178.170.80
443,Rosabella,Sandison,rsandisonca@over-blog.com,Female,58.67.126.45
444,Clim,Towler,ctowlercb@ezinearticles.com,Male,231.112.31.151
445,Lemuel,Piletic,lpileticcc@cisco.com,Male,3.185.91.47
446,Codie,Bloxam,cbloxamcd@theglobeandmail.com,Female,214.163.93.90
447,Kirk,Reader,kreaderce@google.co.jp,Male,127.138.233.23
448,Irv,Hudspith,ihudspithcf@indiegogo.com,Male,141.238.207.2
449,Torey,Cockrell,tcockrellcg@illinois.edu,Female,25.176.95.18
450,Erasmus,Cisar,ecisarch@vistaprint.com,Male,92.228.15.94
451,Gene,Annatt,gannattci@blinklist.com,Female,254.157.200.72
452,Rudie,Johnke,rjohnkecj@hibu.com,Male,51.155.111.101
453,Toddy,Bamling,tbamlingck@sogou.com,Male,45.22.3.161
454,Cristionna,Blencoe,cblencoecl@i2i.jp,Female,111.48.9.201
455,Farrell,Illyes,fillyescm@4shared.com,Male,214.83.173.242
456,Terese,Mathwen,tmathwencn@qq.com,Female,180.139.15.1
457,Aveline,Milksop,amilksopco@census.gov,Female,175.49.245.120
458,Noble,Maghull,nmaghullcp@rambler.ru,Male,142.140.141.207
459,Natividad,Bartolomivis,nbartolomiviscq@about.com,Female,114.41.220.151
460,Toby,Sheirlaw,tsheirlawcr@sakura.ne.jp,Female,39.156.21.54
461,Gibbie,Crim,gcrimcs@cbc.ca,Male,104.36.102.205
462,Dru,Kinnach,dkinnachct@army.mil,Female,246.62.74.203
463,Leland,Vawton,lvawtoncu@foxnews.com,Female,61.87.112.207
464,Cull,Hartford,chartfordcv@i2i.jp,Male,240.45.155.107
465,Radcliffe,Leason,rleasoncw@comcast.net,Male,110.165.210.217
466,Sid,Nutley,snutleycx@kickstarter.com,Male,109.89.225.149
467,Celinka,Pethick,cpethickcy@nsw.gov.au,Female,40.133.241.242
468,Jean,Drepp,jdreppcz@about.me,Agender,232.99.208.31
469,Garret,Tilt,gtiltd0@mtv.com,Male,147.121.40.83
470,Gretchen,Walklett,gwalklettd1@rakuten.co.jp,Female,137.48.70.251
471,Callean,Tidder,ctidderd2@mail.ru,Male,189.118.121.103
472,Carole,Mickelwright,cmickelwrightd3@bbc.co.uk,Polygender,226.182.56.171
473,Celinda,Betonia,cbetoniad4@java.com,Female,15.130.233.47
474,Shay,Obell,sobelld5@twitpic.com,Female,191.123.155.26
475,Leena,Gianiello,lgianiellod6@reverbnation.com,Female,78.187.235.60
476,Giavani,Moulton,gmoultond7@blogger.com,Male,85.207.65.227
477,Lorene,Vakhlov,lvakhlovd8@jigsy.com,Female,213.103.181.28
478,Brunhilda,Brogan,bbrogand9@merriam-webster.com,Female,111.31.88.241
479,Yankee,Cox,ycoxda@soup.io,Male,175.242.116.162
480,Normand,Paulack,npaulackdb@a8.net,Male,76.207.56.147
481,Pru,Bouda,pboudadc@de.vu,Bigender,233.179.50.219
482,Simonette,Spellworth,sspellworthdd@boston.com,Female,205.159.151.153
483,Roseline,Commuzzo,rcommuzzode@forbes.com,Female,209.179.171.78
484,Thorn,Toop,ttoopdf@technorati.com,Male,137.81.237.98
485,Northrop,Bennedick,nbennedickdg@tinyurl.com,Male,189.11.89.240
486,Lavena,Chown,lchowndh@example.com,Female,105.190.71.227
487,Travis,Accomb,taccombdi@washington.edu,Male,214.224.33.71
488,Mirella,Starsmore,mstarsmoredj@parallels.com,Female,58.226.120.255
489,Faith,Isted,fisteddk@cargocollective.com,Female,106.235.119.180
490,Francesca,Muckloe,fmuckloedl@sogou.com,Female,31.124.226.235
491,Brion,Lucien,bluciendm@com.com,Male,20.192.102.118
492,Georgy,Kollasch,gkollaschdn@linkedin.com,Male,59.109.92.6
493,Eran,Oxtaby,eoxtabydo@purevolume.com,Female,30.130.253.233
494,Phillis,MacGillivrie,pmacgillivriedp@sourceforge.net,Female,2.134.126.132
495,Launce,Bockings,lbockingsdq@wired.com,Male,16.78.251.121
496,Jeniffer,Berntssen,jberntssendr@apache.org,Female,242.124.251.132
497,Aldwin,Hustler,ahustlerds@baidu.com,Male,35.105.55.150
498,Tyson,Mabey,tmabeydt@yahoo.co.jp,Male,79.213.22.4
499,Brewster,Caris,bcarisdu@google.com,Male,185.4.245.70
500,Indira,Fayer,ifayerdv@myspace.com,Female,193.224.232.155
501,Gretna,Stemson,gstemsondw@gravatar.com,Female,221.81.171.125
502,Bebe,O Sullivan,bosullivandx@earthlink.net,Female,213.197.175.41
503,Mohandis,Ghent,mghentdy@live.com,Polygender,76.185.167.133
504,Loreen,Heady,lheadydz@zdnet.com,Bigender,40.108.176.32
505,Giordano,Belfelt,gbelfelte0@zdnet.com,Male,220.251.138.17
506,Kelly,Wapol,kwapole1@amazonaws.com,Female,82.217.130.3
507,Judd,Emblin,jembline2@archive.org,Male,105.159.50.70
508,Maddalena,Elmar,melmare3@adobe.com,Female,142.163.202.95
509,Montague,McDowell,mmcdowelle4@lulu.com,Male,136.123.157.207
510,Nathanil,Silly,nsillye5@constantcontact.com,Bigender,33.194.87.116
511,Fitzgerald,Ferronel,fferronele6@blogger.com,Male,30.60.141.245
512,Gipsy,Azema,gazemae7@i2i.jp,Female,47.27.108.202
513,Lorelle,Duncanson,lduncansone8@technorati.com,Female,175.249.117.144
514,Leroi,Langworthy,llangworthye9@plala.or.jp,Male,211.117.227.217
515,Gwennie,Akaster,gakasterea@yellowbook.com,Polygender,125.201.125.131
516,Joellen,Howgill,jhowgilleb@cdbaby.com,Female,133.44.65.70
517,Nataniel,Muff,nmuffec@taobao.com,Male,240.134.218.154
518,Korney,Elsay,kelsayed@usa.gov,Female,29.250.75.5
519,Sheppard,Thomesson,sthomessonee@tuttocitta.it,Male,215.251.165.47
520,Horacio,Sokill,hsokillef@smh.com.au,Male,39.115.3.113
521,Richmond,Breinl,rbreinleg@oakley.com,Male,82.151.117.173
522,Flem,Storry,fstorryeh@chron.com,Male,62.133.101.156
523,Murial,Stockoe,mstockoeei@gov.uk,Female,14.122.120.183
524,Bradan,Farquhar,bfarquharej@sciencedirect.com,Male,53.112.226.232
525,Rorie,Biscomb,rbiscombek@photobucket.com,Female,192.124.249.226
526,Coop,Frake,cfrakeel@bbb.org,Male,91.211.211.95
527,Teodoor,Easter,teasterem@sun.com,Male,152.96.159.92
528,Octavius,Cattroll,ocattrollen@ustream.tv,Agender,48.170.15.203
529,Mozelle,Daunter,mdauntereo@rambler.ru,Female,202.16.157.169
530,Orrin,Labuschagne,olabuschagneep@wikimedia.org,Male,35.155.61.177
531,Katee,Clutterham,kclutterhameq@freewebs.com,Female,253.239.145.5
532,Carrie,Pykerman,cpykermaner@prnewswire.com,Female,238.3.52.78
533,Rufe,Brixey,rbrixeyes@japanpost.jp,Male,157.26.184.186
534,Barr,Neasam,bneasamet@mit.edu,Male,113.237.46.100
535,Lydon,Benny,lbennyeu@opera.com,Genderfluid,88.84.246.250
536,Caressa,Levet,clevetev@macromedia.com,Female,1.217.61.152
537,Nadine,De Gregario,ndegregarioew@springer.com,Female,211.181.210.38
538,Addie,MacDonald,amacdonaldex@51.la,Male,54.128.63.18
539,Dorrie,Lintall,dlintalley@nature.com,Female,174.140.42.155
540,Price,Attewell,pattewellez@ameblo.jp,Male,22.143.110.89
541,Krishnah,Wimes,kwimesf0@xinhuanet.com,Male,17.198.204.148
542,Andi,Allison,aallisonf1@nasa.gov,Female,29.118.24.110
543,Marne,Ovitz,movitzf2@gov.uk,Female,220.43.247.4
544,Carola,Lacaze,clacazef3@moonfruit.com,Female,5.115.225.143
545,Georgie,Powers,gpowersf4@tripadvisor.com,Female,163.2.20.108
546,Lizzy,Luby,llubyf5@hp.com,Female,50.37.75.140
547,Elane,Hamblen,ehamblenf6@soundcloud.com,Female,147.120.47.196
548,Godard,Turfitt,gturfittf7@simplemachines.org,Male,125.21.140.174
549,Roxy,Glamart,rglamartf8@issuu.com,Female,247.141.20.229
550,Berni,Hayhoe,bhayhoef9@soup.io,Female,231.126.17.158
551,Cyril,Letrange,cletrangefa@cargocollective.com,Male,34.22.20.111
552,Nicol,Coaker,ncoakerfb@tripod.com,Female,87.253.51.129
553,Tate,Race,tracefc@home.pl,Male,158.188.181.38
554,Helsa,Ship,hshipfd@fema.gov,Agender,76.253.77.101
555,Alberik,Burvill,aburvillfe@blogtalkradio.com,Male,32.113.118.199
556,Silvan,Franzel,sfranzelff@who.int,Male,92.163.213.200
557,Kylie,Chater,kchaterfg@wsj.com,Male,65.102.161.210
558,Karissa,Bracchi,kbracchifh@dmoz.org,Female,102.172.123.9
559,Moss,Kingsman,mkingsmanfi@seesaa.net,Male,105.2.29.76
560,Padriac,Bickers,pbickersfj@ibm.com,Male,229.91.236.0
561,Amory,Bruniges,abrunigesfk@apache.org,Male,145.232.143.197
562,Idelle,Pischof,ipischoffl@uol.com.br,Female,253.142.95.6
563,Nady,Pharro,npharrofm@nps.gov,Female,9.253.49.130
564,Ulberto,McVicker,umcvickerfn@joomla.org,Male,94.36.132.27
565,Meyer,Eyres,meyresfo@woothemes.com,Male,184.238.70.208
566,Joey,Weinmann,jweinmannfp@java.com,Male,141.20.43.99
567,Warren,Hollyer,whollyerfq@adobe.com,Male,136.106.157.21
568,Cecil,Cossar,ccossarfr@creativecommons.org,Female,73.123.210.248
569,Finn,Wakerley,fwakerleyfs@networksolutions.com,Male,95.228.187.49
570,Kerby,Sainthill,ksainthillft@umich.edu,Male,75.40.215.205
571,Heath,A'Barrow,habarrowfu@skyrock.com,Male,215.150.251.58
572,Rochette,Bate,rbatefv@squarespace.com,Female,212.206.253.55
573,Bo,Feakins,bfeakinsfw@ustream.tv,Genderqueer,57.45.59.89
574,Phelia,Bunyan,pbunyanfx@google.es,Female,200.22.190.178
575,Babita,Camilio,bcamiliofy@freewebs.com,Genderfluid,201.189.188.73
576,Almeta,Morican,amoricanfz@phpbb.com,Female,145.64.118.150
577,Hildagard,McAuley,hmcauleyg0@list-manage.com,Female,159.146.136.69
578,Gonzales,FitzAlan,gfitzalang1@state.tx.us,Male,194.43.64.251
579,Forester,Fellis,ffellisg2@squarespace.com,Male,165.163.252.37
580,Jud,Brinkley,jbrinkleyg3@seesaa.net,Male,242.145.122.43
581,Brandyn,Guidera,bguiderag4@marriott.com,Male,182.254.210.100
582,Mavis,Punton,mpuntong5@auda.org.au,Female,77.181.114.76
583,Katlin,Isley,kisleyg6@alibaba.com,Genderqueer,152.219.46.49
584,Judi,Latan,jlatang7@google.fr,Female,14.190.209.130
585,Rene,Byram,rbyramg8@w3.org,Male,182.173.161.237
586,Iorgo,Bortolutti,ibortoluttig9@sohu.com,Male,140.202.77.94
587,Ephraim,Brazur,ebrazurga@networksolutions.com,Male,252.37.235.91
588,Julio,Moseby,jmosebygb@who.int,Male,17.78.29.142
589,Nannie,Chave,nchavegc@diigo.com,Female,192.18.98.231
590,Glyn,Thornewill,gthornewillgd@instagram.com,Female,222.246.201.179
591,Devan,Hillen,dhillenge@scribd.com,Female,61.20.4.237
592,Oran,O'Hanlon,oohanlongf@cornell.edu,Male,67.35.100.107
593,Valentijn,Seeborne,vseebornegg@plala.or.jp,Male,182.245.120.98
594,Dell,Pimlett,dpimlettgh@nyu.edu,Male,133.17.128.240
595,Eldin,Carlson,ecarlsongi@wordpress.com,Male,91.217.167.245
596,Mia,Hundey,mhundeygj@alexa.com,Female,120.17.241.183
597,Torrence,Walkowski,twalkowskigk@bing.com,Male,130.37.201.232
598,Alair,Brettel,abrettelgl@oakley.com,Male,42.147.111.176
599,Analiese,Iacovozzo,aiacovozzogm@technorati.com,Female,177.81.96.130
600,Etan,Glasser,eglassergn@samsung.com,Male,201.156.99.193
601,Mano,Kundt,mkundtgo@army.mil,Male,131.23.7.78
602,Casey,Ivimey,civimeygp@topsy.com,Female,7.143.70.118
603,Lyssa,Killingworth,lkillingworthgq@list-manage.com,Female,142.74.232.49
604,Forrest,Chainey,fchaineygr@uiuc.edu,Male,226.203.4.193
605,Clemence,Nursey,cnurseygs@salon.com,Female,11.242.220.57
606,Ezechiel,Deegan,edeegangt@sakura.ne.jp,Male,215.220.137.104
607,Luca,Kitchingman,lkitchingmangu@posterous.com,Male,215.52.231.253
608,Ly,Sarre,lsarregv@sun.com,Male,142.77.239.60
609,Sydelle,Clemence,sclemencegw@si.edu,Polygender,190.55.217.114
610,Monah,Test,mtestgx@google.co.jp,Female,198.146.2.76
611,Bryn,Cregin,bcregingy@foxnews.com,Female,108.198.234.224
612,Cacilia,Djekovic,cdjekovicgz@t.co,Female,233.105.117.207
613,Lars,McCardle,lmccardleh0@paginegialle.it,Bigender,32.168.129.157
614,Collen,Farley,cfarleyh1@msu.edu,Female,214.168.248.45
615,Laurie,Guidi,lguidih2@wisc.edu,Female,246.53.33.15
616,Del,Kop,dkoph3@paypal.com,Female,194.218.212.182
617,Carmelle,Cothey,ccotheyh4@123-reg.co.uk,Female,186.247.114.214
618,Emlynn,Martindale,emartindaleh5@merriam-webster.com,Female,144.29.210.157
619,Lydie,Davidov,ldavidovh6@angelfire.com,Female,16.160.56.75
620,Jake,Twiddell,jtwiddellh7@purevolume.com,Male,195.31.157.41
621,Dana,Woolway,dwoolwayh8@linkedin.com,Female,255.143.128.134
622,Fiann,Thorouggood,fthorouggoodh9@dedecms.com,Genderfluid,139.171.210.146
623,Rosmunda,Comrie,rcomrieha@dmoz.org,Female,67.202.87.232
624,Marne,Lander,mlanderhb@pagesperso-orange.fr,Female,76.2.199.214
625,Iorgos,Norree,inorreehc@printfriendly.com,Male,128.36.104.87
626,Trula,Demangeon,tdemangeonhd@seesaa.net,Female,59.95.234.182
627,Kienan,Cranefield,kcranefieldhe@wikimedia.org,Male,165.193.137.186
628,Brittani,Cahan,bcahanhf@usgs.gov,Genderfluid,69.52.13.128
629,Marshal,Lambertazzi,mlambertazzihg@businessinsider.com,Male,103.132.151.51
630,Jeanie,Franck,jfranckhh@bizjournals.com,Female,73.206.42.75
631,Janette,Doddridge,jdoddridgehi@fema.gov,Female,40.163.190.81
632,Charlotta,Garrity,cgarrityhj@stumbleupon.com,Female,30.220.87.0
633,Chrotoem,Duddy,cduddyhk@photobucket.com,Male,235.116.157.156
634,Anet,Dureden,aduredenhl@foxnews.com,Female,221.149.36.201
635,Starr,Barradell,sbarradellhm@indiegogo.com,Female,216.114.224.24
636,Colly,Lesaunier,clesaunierhn@usa.gov,Female,145.169.41.101
637,Oliviero,Mathias,omathiasho@sogou.com,Male,228.117.41.94
638,Arman,Blunsum,ablunsumhp@cnn.com,Male,118.142.61.52
639,Anna-diana,Parrin,aparrinhq@wunderground.com,Female,185.10.202.32
640,Arlyn,Voce,avocehr@vistaprint.com,Non-binary,213.173.204.231
641,Hedy,Forsaith,hforsaithhs@is.gd,Female,165.199.55.120
642,Arlie,Curro,acurroht@cargocollective.com,Female,121.75.101.31
643,Alisander,Arend,aarendhu@miitbeian.gov.cn,Male,9.175.226.105
644,Teador,Willisch,twillischhv@businesswire.com,Male,174.148.2.84
645,Alana,McIlmorow,amcilmorowhw@paypal.com,Female,225.20.108.198
646,Dru,Chazotte,dchazottehx@wikipedia.org,Polygender,100.153.233.145
647,Sterne,Padbury,spadburyhy@51.la,Bigender,142.134.0.19
648,Christoper,Leborgne,cleborgnehz@discuz.net,Male,134.30.116.82
649,Eyde,Gurnell,egurnelli0@engadget.com,Female,183.229.205.58
650,Eugenia,Trimme,etrimmei1@pinterest.com,Female,170.211.248.66
651,Daffi,Getty,dgettyi2@bbb.org,Female,193.209.87.203
652,Gabbi,Minigo,gminigoi3@ted.com,Female,155.218.79.179
653,Katherine,Forsythe,kforsythei4@issuu.com,Female,87.142.47.206
654,Micki,Bernhardi,mbernhardii5@usnews.com,Agender,88.175.246.47
655,Riccardo,Planque,rplanquei6@loc.gov,Male,128.65.13.193
656,Stavro,Eiler,seileri7@opensource.org,Male,165.212.106.242
657,Darren,Phillot,dphilloti8@hibu.com,Male,187.2.109.108
658,Neddie,Schole,nscholei9@adobe.com,Male,127.78.58.28
659,Barbabra,Brearton,bbreartonia@sourceforge.net,Genderfluid,206.173.233.242
660,Danice,Studdal,dstuddalib@edublogs.org,Female,3.22.98.133
661,Ber,Roman,bromanic@feedburner.com,Male,48.211.131.50
662,Rosalyn,Advani,radvaniid@blinklist.com,Female,96.171.66.63
663,Felecia,Klicher,fklicherie@xinhuanet.com,Female,146.248.141.84
664,Lila,Ginnelly,lginnellyif@addthis.com,Female,201.237.175.90
665,Kent,Cartmill,kcartmillig@ucoz.com,Male,10.184.58.159
666,Madison,Yakuntsov,myakuntsovih@rakuten.co.jp,Male,214.57.49.140
667,Mallissa,Bodleigh,mbodleighii@google.pl,Female,125.132.214.60
668,Teddie,Yexley,tyexleyij@cpanel.net,Male,182.106.79.221
669,Kristoffer,Frankcombe,kfrankcombeik@studiopress.com,Male,154.158.72.139
670,Vicky,Oakinfold,voakinfoldil@meetup.com,Female,158.108.255.175
671,Faun,Cornilli,fcornilliim@rediff.com,Female,44.180.140.161
672,Nissie,Mackney,nmackneyin@ebay.com,Female,47.143.244.197
673,Ida,Emmerson,iemmersonio@moonfruit.com,Female,44.151.129.253
674,Blisse,Sclater,bsclaterip@biblegateway.com,Female,165.169.208.146
675,Siouxie,Eldrett,seldrettiq@dyndns.org,Female,201.45.180.28
676,Fergus,Cockhill,fcockhillir@hhs.gov,Male,181.118.4.57
677,Ethelda,Zammitt,ezammittis@dion.ne.jp,Female,127.163.166.251
678,Bettine,Dudding,bduddingit@live.com,Female,145.30.175.111
679,Austin,Betje,abetjeiu@europa.eu,Male,4.242.172.156
680,Bunnie,Slide,bslideiv@imgur.com,Polygender,204.212.200.53
681,Porter,Pitchford,ppitchfordiw@qq.com,Male,183.16.247.244
682,Mirabella,Golledge,mgolledgeix@epa.gov,Female,171.101.127.115
683,Reeta,Sturt,rsturtiy@naver.com,Female,57.58.191.114
684,Penn,Stannion,pstannioniz@sbwire.com,Male,213.106.170.114
685,Moishe,Charnick,mcharnickj0@tamu.edu,Male,49.246.41.44
686,Catlee,Freiberg,cfreibergj1@berkeley.edu,Female,170.241.120.92
687,Domingo,Boocock,dboocockj2@drupal.org,Male,78.13.50.186
688,Concettina,Gustus,cgustusj3@slideshare.net,Female,248.240.221.69
689,Kalindi,Gutowski,kgutowskij4@scribd.com,Female,166.125.157.217
690,Albrecht,Strasse,astrassej5@tripadvisor.com,Male,21.62.86.112
691,Kassie,Bignal,kbignalj6@pbs.org,Female,29.139.86.150
692,Araldo,Grinter,agrinterj7@soundcloud.com,Male,22.119.2.112
693,Bobbi,Epsly,bepslyj8@discovery.com,Agender,212.87.255.248
694,Zacharie,Worms,zwormsj9@dyndns.org,Male,156.211.142.13
695,Budd,Slipper,bslipperja@prnewswire.com,Male,48.115.3.77
696,Andrus,Fuller,afullerjb@desdev.cn,Male,42.241.55.151
697,Justinian,Bailie,jbailiejc@guardian.co.uk,Male,45.52.36.9
698,Dermot,Rosenberg,drosenbergjd@vk.com,Male,198.70.39.37
699,Dorthy,Meere,dmeereje@posterous.com,Female,242.25.178.87
700,Sandy,Bretton,sbrettonjf@uol.com.br,Female,4.150.7.247
701,Lian,Furmenger,lfurmengerjg@ocn.ne.jp,Female,155.97.17.162
702,Riobard,Wolfindale,rwolfindalejh@printfriendly.com,Male,175.149.227.12
703,Mareah,Marskell,mmarskellji@cnn.com,Female,9.54.151.223
704,Brody,Aikett,baikettjj@lycos.com,Male,9.252.108.235
705,Dinnie,Evelyn,develynjk@macromedia.com,Female,103.164.31.97
706,Dori,Lindgren,dlindgrenjl@oakley.com,Genderqueer,102.223.190.103
707,Malachi,Baldcock,mbaldcockjm@ehow.com,Male,122.207.254.11
708,Sinclair,Blandamore,sblandamorejn@surveymonkey.com,Male,175.17.220.180
709,Ginger,Sleaford,gsleafordjo@msn.com,Female,10.34.202.155
710,Gothart,Snead,gsneadjp@ucla.edu,Male,143.23.71.105
711,Theodor,Huffa,thuffajq@chron.com,Male,228.161.133.80
712,Cody,Battell,cbattelljr@google.co.jp,Male,86.138.207.84
713,Ivor,Ayce,iaycejs@sitemeter.com,Male,223.116.118.92
714,Durant,Overstall,doverstalljt@yandex.ru,Male,76.248.249.136
715,Sloane,Hillen,shillenju@blogs.com,Male,191.193.80.158
716,Ebba,Daal,edaaljv@tmall.com,Female,94.235.128.126
717,Garner,Branni,gbrannijw@nsw.gov.au,Male,56.92.66.212
718,Alexandro,Buffey,abuffeyjx@nasa.gov,Male,134.2.188.245
719,Sandy,McGuiney,smcguineyjy@wikia.com,Female,116.43.6.15
720,Helga,Parsley,hparsleyjz@wp.com,Female,87.93.60.15
721,Bruis,Nutman,bnutmank0@springer.com,Male,166.68.63.180
722,Phillip,Sygrove,psygrovek1@hc360.com,Male,253.11.118.92
723,Auberta,Well,awellk2@yellowbook.com,Female,7.105.191.8
724,Cobbie,Fidoe,cfidoek3@squidoo.com,Male,113.0.44.27
725,Inglis,Ventura,iventurak4@who.int,Male,172.102.252.253
726,Bonita,Iianon,biianonk5@de.vu,Female,191.3.232.16
727,Lion,Gatch,lgatchk6@pen.io,Male,39.41.137.196
728,Adair,Scrowton,ascrowtonk7@digg.com,Male,110.10.77.198
729,Archaimbaud,Towsey,atowseyk8@fda.gov,Male,32.129.146.234
730,Georgie,Juniper,gjuniperk9@symantec.com,Male,230.196.68.100
731,Bria,Boddis,bboddiska@umn.edu,Female,121.143.251.100
732,Hy,Simonelli,hsimonellikb@pagesperso-orange.fr,Male,30.54.251.32
733,Trenton,Scarratt,tscarrattkc@usda.gov,Non-binary,235.57.216.83
734,Kristofer,Yoxen,kyoxenkd@people.com.cn,Male,129.245.24.112
735,Ulrikaumeko,Royl,uroylke@hubpages.com,Female,93.49.203.3
736,Albrecht,Calender,acalenderkf@scribd.com,Male,190.64.241.245
737,Denny,Prandi,dprandikg@sina.com.cn,Genderfluid,103.89.73.144
738,Wilmette,Leveridge,wleveridgekh@latimes.com,Female,12.255.51.222
739,Sharity,Cosgrave,scosgraveki@barnesandnoble.com,Female,208.214.61.185
740,Hetty,Worcs,hworcskj@example.com,Female,33.129.65.60
741,Abeu,McIlwraith,amcilwraithkk@yandex.ru,Male,140.32.215.225
742,Priscella,Eggleton,peggletonkl@yellowpages.com,Female,150.3.7.245
743,Steffane,Gaishson,sgaishsonkm@foxnews.com,Female,125.177.177.165
744,Orelie,Dict,odictkn@histats.com,Bigender,26.195.30.1
745,Igor,Tonsley,itonsleyko@tuttocitta.it,Male,238.174.79.116
746,Hedy,Harron,hharronkp@msu.edu,Female,132.214.152.103
747,Arlen,Thurley,athurleykq@indiegogo.com,Male,38.251.191.170
748,Benoite,Jirusek,bjirusekkr@squidoo.com,Female,88.114.182.237
749,Anabella,O' Shea,aosheaks@goo.gl,Genderqueer,112.204.250.40
750,Alena,Boggon,aboggonkt@earthlink.net,Female,180.161.177.139
751,Mirella,Raigatt,mraigattku@msn.com,Female,189.167.163.115
752,Tadio,Tipple,ttipplekv@altervista.org,Male,78.122.42.152
753,Shadow,De Bischof,sdebischofkw@go.com,Male,21.221.137.230
754,Carla,Mannock,cmannockkx@netvibes.com,Female,124.175.163.96
755,Cull,Gradley,cgradleyky@hc360.com,Male,127.43.55.184
756,Damian,Mines,dmineskz@mtv.com,Polygender,14.43.61.215
757,Madelene,Westnedge,mwestnedgel0@live.com,Female,117.183.250.198
758,Elsbeth,Clack,eclackl1@discuz.net,Bigender,169.213.73.75
759,Sondra,Durkin,sdurkinl2@webs.com,Female,234.254.53.32
760,Cull,Kirkman,ckirkmanl3@utexas.edu,Male,202.42.39.84
761,Tonie,McPhate,tmcphatel4@naver.com,Female,46.154.182.218
762,Jeremias,Pulman,jpulmanl5@chron.com,Male,96.90.89.215
763,Hastings,Sandiland,hsandilandl6@linkedin.com,Male,173.24.95.75
764,Byrann,Peagram,bpeagraml7@technorati.com,Male,208.16.55.171
765,Etheline,Joire,ejoirel8@examiner.com,Female,5.134.196.208
766,Joellen,Nobriga,jnobrigal9@wordpress.com,Female,206.74.48.190
767,Agace,Kinny,akinnyla@51.la,Female,63.3.128.153
768,Benson,Runnalls,brunnallslb@comsenz.com,Male,153.189.52.145
769,Mordecai,McGrae,mmcgraelc@shinystat.com,Male,106.25.117.115
770,Stanislas,Castanyer,scastanyerld@ezinearticles.com,Male,21.164.140.131
771,Rip,Cranmer,rcranmerle@about.com,Male,221.120.74.186
772,Jacinthe,Penburton,jpenburtonlf@4shared.com,Female,140.43.110.145
773,Jamill,Sprakes,jsprakeslg@wikipedia.org,Male,48.243.171.124
774,Dorolice,Juschke,djuschkelh@msu.edu,Female,164.86.190.205
775,Bald,Thornton,bthorntonli@archive.org,Male,76.11.16.142
776,Etta,Angelini,eangelinilj@un.org,Female,251.109.219.241
777,Shirley,Brooksbie,sbrooksbielk@cbslocal.com,Bigender,39.203.248.30
778,Guglielma,Chaffe,gchaffell@freewebs.com,Female,224.126.62.104
779,Felice,Benjamin,fbenjaminlm@rambler.ru,Female,86.173.197.95
780,Stu,Keppel,skeppelln@usa.gov,Male,103.94.223.103
781,Hedy,Retallick,hretallicklo@cnbc.com,Female,199.146.64.2
782,Lionello,Westphal,lwestphallp@umn.edu,Male,53.63.45.244
783,Barris,Stribbling,bstribblinglq@edublogs.org,Male,137.112.84.91
784,Gawen,Eadmeads,geadmeadslr@google.com,Male,162.50.146.166
785,Joachim,Warlawe,jwarlawels@census.gov,Male,24.120.151.115
786,Candice,Rennocks,crennockslt@taobao.com,Female,4.158.124.59
787,Saleem,Mussett,smussettlu@infoseek.co.jp,Male,107.213.41.14
788,Demott,Szach,dszachlv@si.edu,Male,180.34.60.43
789,Rees,Chaloner,rchalonerlw@sitemeter.com,Male,28.127.145.49
790,Ermina,Hanse,ehanselx@webnode.com,Female,172.167.245.117
791,Krissy,Bartolacci,kbartolaccily@vk.com,Female,74.70.87.112
792,Bern,Johnigan,bjohniganlz@bing.com,Male,160.232.1.246
793,Orville,Gridley,ogridleym0@techcrunch.com,Male,37.6.196.18
794,Cornall,Pierce,cpiercem1@mozilla.org,Male,77.108.97.241
795,Omero,Furmage,ofurmagem2@moonfruit.com,Male,47.110.64.11
796,Davin,Proppers,dproppersm3@seattletimes.com,Genderfluid,159.8.234.33
797,Rollins,Elphick,relphickm4@parallels.com,Male,221.68.232.111
798,Joel,Lannon,jlannonm5@apple.com,Male,239.140.73.92
799,Joelly,Pranger,jprangerm6@squidoo.com,Female,58.13.21.40
800,Clemens,Ratnage,cratnagem7@engadget.com,Male,183.17.52.45
801,Flo,Colkett,fcolkettm8@wunderground.com,Female,38.106.65.207
802,Marcile,Konerding,mkonerdingm9@youtu.be,Female,87.158.134.12
803,Cheri,Grim,cgrimma@mlb.com,Female,191.231.123.222
804,Jeramey,Pashan,jpashanmb@51.la,Male,111.176.22.113
805,Janith,Deane,jdeanemc@google.nl,Female,135.78.89.205
806,Orlando,Goward,ogowardmd@4shared.com,Male,182.21.161.82
807,Obidiah,Whitwell,owhitwellme@meetup.com,Male,57.86.128.192
808,Kelila,Fairest,kfairestmf@hp.com,Female,56.128.238.0
809,Van,Ruckert,vruckertmg@whitehouse.gov,Female,123.208.90.225
810,Derby,Bruins,dbruinsmh@yellowpages.com,Male,128.101.60.235
811,Bancroft,Durtnall,bdurtnallmi@howstuffworks.com,Male,220.105.233.152
812,Timmie,Ridulfo,tridulfomj@t-online.de,Genderqueer,203.74.11.254
813,Land,Filyushkin,lfilyushkinmk@imdb.com,Polygender,88.81.178.129
814,Theodoric,Brimson,tbrimsonml@salon.com,Male,118.102.106.142
815,Padraic,Tuxell,ptuxellmm@tripod.com,Male,161.57.3.17
816,Son,Merrgan,smerrganmn@army.mil,Male,117.38.54.149
817,Edgardo,Racher,erachermo@multiply.com,Male,140.112.81.215
818,Olenolin,Tschiersch,otschierschmp@bloomberg.com,Male,29.21.250.46
819,Halie,Audibert,haudibertmq@t.co,Female,159.122.218.159
820,Maddy,Discombe,mdiscombemr@slashdot.org,Female,141.168.50.48
821,Ford,Leakner,fleaknerms@exblog.jp,Male,238.137.15.62
822,Lonny,Dilger,ldilgermt@wikipedia.org,Male,77.143.67.201
823,Rodolfo,Peacock,rpeacockmu@naver.com,Male,237.180.123.108
824,Averil,Staning,astaningmv@liveinternet.ru,Female,50.160.204.6
825,Jasmina,Sabberton,jsabbertonmw@ovh.net,Female,26.231.237.79
826,Damaris,Beran,dberanmx@wp.com,Female,149.16.91.221
827,Janot,Badger,jbadgermy@indiegogo.com,Female,23.247.8.214
828,Gabrielle,Roman,gromanmz@sourceforge.net,Female,189.91.136.130
829,Cesare,Mackieson,cmackiesonn0@sun.com,Male,0.233.37.39
830,Jeffrey,Amberg,jambergn1@ycombinator.com,Male,88.100.242.63
831,Michaella,Waddilow,mwaddilown2@cyberchimps.com,Female,26.102.147.143
832,Traver,Burkitt,tburkittn3@histats.com,Male,0.195.168.25
833,Gar,Moorton,gmoortonn4@usgs.gov,Male,240.251.220.150
834,Tansy,Kainz,tkainzn5@berkeley.edu,Female,35.132.250.230
835,Coriss,Bratty,cbrattyn6@ed.gov,Female,162.202.10.183
836,Bunnie,Milius,bmiliusn7@kickstarter.com,Female,89.99.183.45
837,Shoshanna,Boocock,sboocockn8@shareasale.com,Female,63.201.99.54
838,Ronalda,Embery,remberyn9@g.co,Genderfluid,117.177.230.159
839,Winona,Goodding,wgooddingna@loc.gov,Female,119.24.15.124
840,Babbie,Swetmore,bswetmorenb@cpanel.net,Female,247.4.153.197
841,Noland,Yablsley,nyablsleync@mac.com,Male,226.108.90.100
842,Mathew,Thurnham,mthurnhamnd@list-manage.com,Male,11.215.7.25
843,Marcia,Baroux,mbarouxne@deviantart.com,Bigender,78.96.199.38
844,Dion,Sephton,dsephtonnf@flickr.com,Male,165.77.172.26
845,Lynnette,Petlyura,lpetlyurang@technorati.com,Female,203.108.55.164
846,Jephthah,Edgson,jedgsonnh@eepurl.com,Male,223.74.56.208
847,Tobin,McGillacoell,tmcgillacoellni@opera.com,Male,161.21.167.1
848,Spence,Soal,ssoalnj@qq.com,Male,139.137.223.9
849,Porty,Blewitt,pblewittnk@ow.ly,Male,59.75.165.105
850,Anderson,Cavey,acaveynl@businessweek.com,Male,133.164.226.34
851,Karlyn,Torrent,ktorrentnm@ucla.edu,Agender,62.204.34.188
852,Colleen,Macconaghy,cmacconaghynn@elegantthemes.com,Female,81.87.129.120
853,Bartholomeus,Rawls,brawlsno@scientificamerican.com,Male,57.94.153.163
854,Rodi,Dike,rdikenp@acquirethisname.com,Female,154.213.65.145
855,Amelita,Dingley,adingleynq@people.com.cn,Female,158.101.68.200
856,Heidi,Crook,hcrooknr@buzzfeed.com,Non-binary,77.185.144.56
857,Meghann,Prevost,mprevostns@ibm.com,Female,24.215.214.11
858,Walsh,Lishman,wlishmannt@rakuten.co.jp,Male,83.214.219.199
859,Dorris,Moseby,dmosebynu@irs.gov,Female,194.6.140.250
860,Ginelle,Towns,gtownsnv@imageshack.us,Female,36.6.188.220
861,Fairlie,Scurfield,fscurfieldnw@networkadvertising.org,Male,209.48.233.57
862,Gaultiero,Pauli,gpaulinx@vimeo.com,Male,44.107.187.164
863,Stella,Tapton,staptonny@gnu.org,Genderfluid,233.122.69.128
864,Hussein,Oade,hoadenz@prnewswire.com,Male,96.3.206.2
865,Esteban,Werny,ewernyo0@drupal.org,Male,226.52.192.216
866,Matty,Borzone,mborzoneo1@weibo.com,Male,62.148.208.51
867,Goddart,Ambrogi,gambrogio2@examiner.com,Genderfluid,3.40.117.198
868,Horst,Bakes,hbakeso3@nsw.gov.au,Polygender,85.173.208.108
869,Benedict,Fearns,bfearnso4@gov.uk,Male,195.196.63.103
870,Belita,Pomphrey,bpomphreyo5@dedecms.com,Female,56.51.220.50
871,Eolande,Carhart,ecarharto6@rakuten.co.jp,Female,111.28.210.155
872,Annora,Weedenburg,aweedenburgo7@booking.com,Female,137.79.35.11
873,Rosalynd,Kolakowski,rkolakowskio8@indiegogo.com,Female,89.40.222.125
874,Bartholemy,Goody,bgoodyo9@smugmug.com,Male,181.234.62.181
875,Melinda,Mercer,mmerceroa@skype.com,Female,80.137.83.21
876,Lilian,Haydock,lhaydockob@yellowbook.com,Female,168.91.90.6
877,Derrek,Burberye,dburberyeoc@washington.edu,Male,253.232.97.32
878,Gay,Ion,gionod@fastcompany.com,Male,155.104.117.180
879,Manda,Dommett,mdommettoe@apple.com,Female,231.79.143.156
880,Fanya,Prew,fprewof@wired.com,Female,33.147.40.134
881,Elvis,Gaynsford,egaynsfordog@utexas.edu,Male,78.250.213.138
882,Rhody,Downage,rdownageoh@europa.eu,Female,221.231.132.220
883,Perry,McTurk,pmcturkoi@theatlantic.com,Male,201.206.47.239
884,Hamnet,Genever,hgeneveroj@gizmodo.com,Male,81.94.244.149
885,Bil,Purkins,bpurkinsok@cisco.com,Male,31.216.227.83
886,Margette,Leicester,mleicesterol@seattletimes.com,Female,131.255.146.76
887,Aimil,Shawley,ashawleyom@networksolutions.com,Female,91.86.54.239
888,Dulce,Stenton,dstentonon@illinois.edu,Female,88.98.126.229
889,Fredrick,Heathwood,fheathwoodoo@ucla.edu,Male,69.90.248.81
890,Darice,Keyhoe,dkeyhoeop@japanpost.jp,Female,157.159.137.246
891,Cristal,Willoughley,cwilloughleyoq@xinhuanet.com,Female,85.3.174.38
892,Mareah,Sumner,msumneror@netscape.com,Female,64.29.6.44
893,Zach,Ankers,zankersos@cpanel.net,Male,19.143.251.251
894,Philippe,Timmes,ptimmesot@nifty.com,Female,163.213.202.40
895,Karrie,Trundler,ktrundlerou@pbs.org,Female,190.43.196.191
896,Wye,Blazy,wblazyov@is.gd,Male,209.187.226.122
897,Cece,Kiehl,ckiehlow@goo.gl,Male,64.157.36.111
898,Opalina,Sweetzer,osweetzerox@msu.edu,Female,217.188.6.36
899,Yale,Iannelli,yiannellioy@omniture.com,Male,45.26.73.81
900,Marijn,Blaszczyk,mblaszczykoz@netvibes.com,Agender,160.73.111.241
901,Eydie,Freezer,efreezerp0@feedburner.com,Female,60.242.6.129
902,Catharina,Beatty,cbeattyp1@marriott.com,Female,68.225.71.14
903,Michele,Dalyiel,mdalyielp2@github.com,Male,132.126.19.97
904,Oswell,Kitteman,okittemanp3@fda.gov,Male,7.136.34.61
905,Lanette,Barlass,lbarlassp4@independent.co.uk,Female,162.195.243.233
906,Nico,D'Alessandro,ndalessandrop5@angelfire.com,Male,250.161.31.212
907,Carrissa,Eckery,ceckeryp6@deviantart.com,Female,126.64.231.64
908,Selene,Hasard,shasardp7@addthis.com,Female,14.129.228.140
909,Lawrence,Guly,lgulyp8@ca.gov,Male,245.126.155.49
910,Cal,Limb,climbp9@apple.com,Female,85.37.3.125
911,Chickie,Jerrom,cjerrompa@businessweek.com,Female,41.190.214.237
912,Addy,Grafhom,agrafhompb@prnewswire.com,Male,147.182.96.13
913,Florette,Ickowics,fickowicspc@dmoz.org,Female,171.170.144.222
914,Madelaine,Venes,mvenespd@oakley.com,Female,110.148.230.124
915,Annemarie,Selway,aselwaype@technorati.com,Female,235.70.54.178
916,Joey,Nisard,jnisardpf@example.com,Male,3.185.54.165
917,Veradis,Schachter,vschachterpg@who.int,Female,121.170.86.175
918,Dyane,Snelgar,dsnelgarph@mapquest.com,Female,68.57.3.153
919,Thayne,Yelden,tyeldenpi@google.de,Male,94.0.8.74
920,Lilly,Clopton,lcloptonpj@tinypic.com,Female,104.60.74.229
921,Denys,Whitecross,dwhitecrosspk@sourceforge.net,Female,221.246.177.88
922,Phyllys,Muller,pmullerpl@youtube.com,Female,73.161.41.179
923,Bear,Matteini,bmatteinipm@aboutads.info,Male,18.31.9.74
924,Free,Gilmartin,fgilmartinpn@sohu.com,Male,110.188.108.192
925,Monti,D'Agostino,mdagostinopo@exblog.jp,Agender,186.250.35.152
926,Nettle,Stiger,nstigerpp@ask.com,Non-binary,1.215.97.114
927,Cointon,Coultar,ccoultarpq@ehow.com,Male,163.247.129.31
928,Catarina,Geerdts,cgeerdtspr@globo.com,Female,213.143.56.234
929,Hilary,Dodwell,hdodwellps@telegraph.co.uk,Female,111.133.133.182
930,Garrett,Burt,gburtpt@youtu.be,Bigender,10.92.62.57
931,Walton,Fouch,wfouchpu@yellowbook.com,Male,49.181.108.225
932,Cointon,Flobert,cflobertpv@eventbrite.com,Male,211.9.132.32
933,Mattheus,McKenzie,mmckenziepw@ustream.tv,Male,127.146.14.208
934,Athene,Doerren,adoerrenpx@go.com,Female,35.98.5.44
935,Cobby,Baelde,cbaeldepy@eepurl.com,Male,222.110.160.215
936,Barton,Poplee,bpopleepz@aboutads.info,Male,66.221.45.244
937,Maible,Stirrip,mstirripq0@vk.com,Female,162.185.16.27
938,Winthrop,Jurasek,wjurasekq1@redcross.org,Non-binary,153.22.188.198
939,Aldin,Filippov,afilippovq2@freewebs.com,Male,94.165.221.31
940,Adamo,Wyborn,awybornq3@moonfruit.com,Male,158.61.54.116
941,Lea,Austin,laustinq4@blogger.com,Female,247.171.36.112
942,Nikolos,Coddington,ncoddingtonq5@taobao.com,Male,7.15.241.211
943,Wylie,Kincaid,wkincaidq6@opera.com,Male,149.223.83.62
944,Theressa,Cawkwell,tcawkwellq7@flickr.com,Female,180.4.37.28
945,Gallard,Sarll,gsarllq8@imageshack.us,Male,126.90.178.204
946,Valencia,Olivari,volivariq9@github.io,Female,165.154.133.218
947,Baryram,Aizikovitz,baizikovitzqa@hexun.com,Male,71.141.198.56
948,Archie,McNevin,amcnevinqb@hubpages.com,Male,48.114.32.72
949,Kelli,Quade,kquadeqc@salon.com,Female,159.40.198.55
950,Ingaborg,Robben,irobbenqd@apple.com,Female,147.161.122.62
951,Carlie,Gettings,cgettingsqe@earthlink.net,Male,29.177.132.203
952,Leonhard,Regler,lreglerqf@goo.gl,Male,50.210.0.159
953,Shanon,Paszak,spaszakqg@techcrunch.com,Non-binary,226.155.171.114
954,Nicoline,Casacchia,ncasacchiaqh@netlog.com,Female,2.77.223.215
955,Serena,Molder,smolderqi@joomla.org,Female,160.181.46.218
956,Jon,Duncklee,jdunckleeqj@state.tx.us,Male,190.93.165.230
957,Upton,Daniell,udaniellqk@odnoklassniki.ru,Male,104.205.215.48
958,Margit,Prator,mpratorql@google.it,Female,146.27.170.54
959,Donna,Colvine,dcolvineqm@usda.gov,Female,217.17.177.169
960,Josefina,Gramer,jgramerqn@skyrock.com,Female,67.41.244.241
961,Truman,Colegate,tcolegateqo@oaic.gov.au,Genderfluid,115.16.11.80
962,Miller,Meiningen,mmeiningenqp@miibeian.gov.cn,Male,200.175.86.233
963,Heall,McTavish,hmctavishqq@abc.net.au,Male,238.243.71.162
964,Basil,McCuffie,bmccuffieqr@gmpg.org,Male,183.224.18.223
965,Hurlee,Ovill,hovillqs@ovh.net,Male,28.88.38.17
966,Skell,Braunlein,sbraunleinqt@domainmarket.com,Male,225.133.161.223
967,Ema,Whitaker,ewhitakerqu@geocities.jp,Female,25.174.197.132
968,Katee,McDermott,kmcdermottqv@sogou.com,Female,28.217.87.131
969,Hobie,Haygreen,hhaygreenqw@google.ru,Male,156.89.34.248
970,Willdon,Fazzioli,wfazzioliqx@mediafire.com,Male,9.90.151.233
971,Suzy,Newey,sneweyqy@twitpic.com,Female,71.203.206.127
972,Cchaddie,Rennebeck,crennebeckqz@comcast.net,Male,75.103.138.251
973,Austin,Lindsey,alindseyr0@usda.gov,Female,28.241.130.162
974,Fredrick,Ewell,fewellr1@skyrock.com,Male,218.128.138.84
975,Rona,Ebrall,rebrallr2@cloudflare.com,Female,153.204.69.155
976,Staffard,McInulty,smcinultyr3@bandcamp.com,Polygender,63.102.176.248
977,Harlan,Taber,htaberr4@nhs.uk,Male,30.0.242.99
978,Kenyon,Straw,kstrawr5@wunderground.com,Genderfluid,74.33.13.143
979,Clem,Schroder,cschroderr6@google.com.br,Male,157.63.201.8
980,Farrand,Klementz,fklementzr7@bravesites.com,Female,212.86.207.233
981,Glen,Fevier,gfevierr8@utexas.edu,Male,135.199.203.85
982,Karmen,Sirmond,ksirmondr9@miibeian.gov.cn,Female,209.196.196.128
983,Arden,Knewstubb,aknewstubbra@narod.ru,Female,82.71.97.51
984,Carey,Gellibrand,cgellibrandrb@unc.edu,Female,189.21.89.240
985,Lindon,Lis,llisrc@51.la,Male,224.17.1.92
986,Tillie,Brason,tbrasonrd@wisc.edu,Female,51.23.49.108
987,Elset,Clewett,eclewettre@sohu.com,Female,244.58.43.79
988,Inglis,Dussy,idussyrf@skyrock.com,Male,69.86.68.121
989,Claresta,Rydzynski,crydzynskirg@tmall.com,Female,226.9.123.135
990,Brent,Toplis,btoplisrh@wikia.com,Male,56.95.89.165
991,Chelsy,Fearnall,cfearnallri@mapquest.com,Polygender,40.95.17.236
992,Kerrie,Hacquard,khacquardrj@desdev.cn,Female,170.148.47.140
993,Bryce,O'Drought,bodroughtrk@tuttocitta.it,Male,200.115.251.201
994,Theda,Pleuman,tpleumanrl@weather.com,Female,108.57.122.228
995,Taryn,Hankard,thankardrm@spotify.com,Genderqueer,60.162.235.194
996,Normand,Fillis,nfillisrn@wsj.com,Male,146.147.100.95
997,Shell,Ilyasov,silyasovro@youtube.com,Female,176.210.66.85
998,Danna,Bims,dbimsrp@dagondesign.com,Non-binary,55.118.72.240
999,Windy,Miner,wminerrq@bizjournals.com,Female,142.61.198.7
1000,Deeyn,Killingback,dkillingbackrr@goo.ne.jp,Female,192.67.191.78
